DATE,DAY,MONTH,QUARTER,YEAR,SERIES,OPEN,HIGH,LOW,PREV. CLOSE,LTP,CLOSE,VWAP,52W H,52W L,VOLUME,VALUE,NO. OF  TRADES
09-Jun-26,Tuesday,June,Q2,2026,EQ,"1,269.00","1,274.20","1,257.50","1,263.30","1,272.30","1,269.20","1,264.75","1,611.80","1,257.50","2,36,20,214","29,87,37,31,086.30","2,73,651"
08-Jun-26,Monday,June,Q2,2026,EQ,"1,277.00","1,282.60","1,259.20","1,291.00","1,262.80","1,263.30","1,271.90","1,611.80","1,259.20","1,64,94,759","20,97,96,89,703.10","3,03,591"
05-Jun-26,Friday,June,Q2,2026,EQ,"1,304.50","1,306.00","1,288.00","1,303.70","1,291.40","1,291.00","1,294.80","1,611.80","1,288.00","1,77,85,223","23,02,83,93,410.00","3,56,802"
04-Jun-26,Thursday,June,Q2,2026,EQ,"1,301.00","1,311.20","1,293.10","1,313.20","1,308.00","1,303.70","1,303.16","1,611.80","1,290.00","2,34,74,327","30,59,07,35,365.60","3,18,716"
03-Jun-26,Wednesday,June,Q2,2026,EQ,"1,315.00","1,324.00","1,301.00","1,314.60","1,312.60","1,313.20","1,309.61","1,611.80","1,290.00","2,00,12,293","26,20,82,26,472.80","3,80,780"
02-Jun-26,Tuesday,June,Q2,2026,EQ,"1,307.70","1,327.80","1,300.30","1,320.00","1,321.00","1,314.60","1,313.43","1,611.80","1,290.00","2,33,02,785","30,60,65,99,536.00","3,62,323"
01-Jun-26,Monday,June,Q2,2026,EQ,"1,332.50","1,335.50","1,318.50","1,321.20","1,320.20","1,320.00","1,324.32","1,611.80","1,290.00","1,07,00,603","14,17,09,74,474.50","2,12,031"
29-May-26,Friday,May,Q2,2026,EQ,"1,364.00","1,369.00","1,317.00","1,350.50","1,321.90","1,321.20","1,330.58","1,611.80","1,290.00","4,26,34,247","56,72,84,19,201.10","3,09,971"
27-May-26,Wednesday,May,Q2,2026,EQ,"1,353.00","1,361.00","1,348.60","1,356.30","1,352.00","1,350.50","1,354.62","1,611.80","1,290.00","1,32,15,138","17,90,14,99,784.80","2,30,257"
26-May-26,Tuesday,May,Q2,2026,EQ,"1,360.10","1,368.50","1,352.40","1,367.00","1,357.00","1,356.30","1,359.22","1,611.80","1,290.00","1,37,69,747","18,71,61,37,070.80","1,48,444"
25-May-26,Monday,May,Q2,2026,EQ,"1,366.80","1,371.10","1,357.00","1,354.50","1,366.40","1,367.00","1,363.11","1,611.80","1,290.00","67,50,071","9,20,10,71,110.90","1,39,554"
22-May-26,Friday,May,Q2,2026,EQ,"1,350.00","1,367.40","1,349.10","1,349.60","1,358.00","1,354.50","1,357.24","1,611.80","1,290.00","71,05,813","9,64,43,25,563.80","1,63,887"
21-May-26,Thursday,May,Q2,2026,EQ,"1,367.20","1,370.90","1,345.20","1,359.70","1,349.00","1,349.60","1,352.83","1,611.80","1,290.00","1,71,50,630","23,20,18,23,031.70","2,75,605"
20-May-26,Wednesday,May,Q2,2026,EQ,"1,318.70","1,362.90","1,312.60","1,322.70","1,360.30","1,359.70","1,345.23","1,611.80","1,290.00","1,32,48,515","17,82,23,10,858.20","2,27,919"
19-May-26,Tuesday,May,Q2,2026,EQ,"1,338.70","1,344.00","1,318.40","1,335.90","1,322.80","1,322.70","1,332.15","1,611.80","1,290.00","2,16,65,501","28,86,16,86,347.30","3,39,757"
18-May-26,Monday,May,Q2,2026,EQ,"1,334.00","1,342.00","1,318.70","1,336.40","1,335.00","1,335.90","1,333.44","1,611.80","1,290.00","1,30,22,473","17,36,47,34,585.60","2,24,065"
15-May-26,Friday,May,Q2,2026,EQ,"1,356.80","1,364.80","1,329.20","1,361.80","1,339.00","1,336.40","1,339.37","1,611.80","1,290.00","1,99,76,192","26,75,55,67,751.40","2,76,450"
14-May-26,Thursday,May,Q2,2026,EQ,"1,365.20","1,378.00","1,358.40","1,358.80","1,368.50","1,361.80","1,365.93","1,611.80","1,290.00","1,73,03,059","23,63,46,93,081.40","3,12,686"
13-May-26,Wednesday,May,Q2,2026,EQ,"1,361.40","1,372.40","1,352.40","1,364.00","1,361.20","1,358.80","1,360.83","1,611.80","1,290.00","1,37,97,989","18,77,67,83,797.90","2,53,418"
12-May-26,Tuesday,May,Q2,2026,EQ,"1,392.00","1,393.50","1,360.30","1,388.20","1,366.50","1,364.00","1,375.76","1,611.80","1,290.00","2,43,57,500","33,50,99,95,739.50","4,05,245"
11-May-26,Monday,May,Q2,2026,EQ,"1,420.00","1,428.00","1,382.00","1,435.20","1,385.30","1,388.20","1,402.78","1,611.80","1,290.00","1,52,61,787","21,40,89,32,295.60","2,40,591"
08-May-26,Friday,May,Q2,2026,EQ,"1,426.00","1,442.80","1,417.50","1,436.20","1,436.00","1,435.20","1,428.37","1,611.80","1,290.00","86,63,105","12,37,41,31,086.60","1,73,992"
07-May-26,Thursday,May,Q2,2026,EQ,"1,438.80","1,449.50","1,430.30","1,437.90","1,435.50","1,436.20","1,438.64","1,611.80","1,290.00","1,98,16,903","28,50,93,73,904.50","2,86,996"
06-May-26,Wednesday,May,Q2,2026,EQ,"1,463.00","1,473.30","1,427.50","1,463.60","1,438.70","1,437.90","1,444.41","1,611.80","1,290.00","1,42,21,786","20,54,20,51,719.10","2,82,129"
05-May-26,Tuesday,May,Q2,2026,EQ,"1,460.00","1,473.40","1,450.00","1,463.10","1,462.50","1,463.60","1,461.45","1,611.80","1,290.00","2,35,43,341","34,40,75,23,385.10","3,12,401"
04-May-26,Monday,May,Q2,2026,EQ,"1,433.40","1,467.40","1,433.40","1,430.80","1,467.20","1,463.10","1,454.00","1,611.80","1,290.00","2,40,35,700","34,94,78,63,091.00","4,17,403"
30-Apr-26,Thursday,April,Q2,2026,EQ,"1,409.00","1,437.00","1,393.10","1,425.40","1,436.00","1,430.80","1,416.42","1,611.80","1,290.00","3,09,57,881","43,84,94,30,496.90","3,64,569"
29-Apr-26,Wednesday,April,Q2,2026,EQ,"1,392.00","1,433.80","1,391.30","1,388.90","1,430.00","1,425.40","1,418.23","1,611.80","1,290.00","3,05,42,143","43,31,58,58,969.90","3,77,101"
28-Apr-26,Tuesday,April,Q2,2026,EQ,"1,358.00","1,395.20","1,357.00","1,365.80","1,393.00","1,388.90","1,380.39","1,611.80","1,290.00","4,10,27,699","56,63,43,60,964.60","3,71,160"
27-Apr-26,Monday,April,Q2,2026,EQ,"1,313.00","1,371.60","1,311.00","1,327.80","1,370.00","1,365.80","1,346.48","1,611.80","1,290.00","2,46,73,098","33,22,17,15,766.80","3,01,732"
24-Apr-26,Friday,April,Q2,2026,EQ,"1,340.00","1,345.90","1,325.00","1,343.40","1,331.00","1,327.80","1,333.01","1,611.80","1,267.00","1,17,44,802","15,65,59,32,416.20","1,97,088"
23-Apr-26,Thursday,April,Q2,2026,EQ,"1,346.00","1,355.50","1,340.70","1,362.10","1,344.40","1,343.40","1,347.84","1,611.80","1,267.00","1,63,85,079","22,08,44,84,854.70","2,09,218"
22-Apr-26,Wednesday,April,Q2,2026,EQ,"1,350.30","1,366.00","1,349.10","1,353.30","1,362.00","1,362.10","1,360.40","1,611.80","1,267.00","95,25,953","12,95,91,00,398.90","1,53,909"
21-Apr-26,Tuesday,April,Q2,2026,EQ,"1,359.00","1,369.80","1,350.10","1,363.30","1,354.90","1,353.30","1,356.60","1,611.80","1,267.00","2,72,93,629","37,02,64,49,570.40","2,97,701"
20-Apr-26,Monday,April,Q2,2026,EQ,"1,363.20","1,373.00","1,352.80","1,365.00","1,361.10","1,363.30","1,365.92","1,611.80","1,267.00","1,36,14,733","18,59,65,70,380.60","2,40,331"
17-Apr-26,Friday,April,Q2,2026,EQ,"1,340.00","1,368.40","1,340.00","1,343.30","1,364.90","1,365.00","1,359.14","1,611.80","1,227.60","1,38,69,105","18,85,00,89,777.30","2,26,433"
16-Apr-26,Thursday,April,Q2,2026,EQ,"1,352.00","1,353.80","1,330.00","1,344.10","1,345.90","1,343.30","1,338.46","1,611.80","1,227.60","3,02,11,012","40,43,61,95,396.30","3,33,177"
15-Apr-26,Wednesday,April,Q2,2026,EQ,"1,337.00","1,347.00","1,334.20","1,315.10","1,342.90","1,344.10","1,340.02","1,611.80","1,227.60","1,53,13,779","20,52,08,18,325.60","2,59,818"
13-Apr-26,Monday,April,Q2,2026,EQ,"1,321.20","1,327.60","1,310.00","1,350.20","1,314.00","1,315.10","1,316.46","1,611.80","1,227.60","2,87,53,269","37,85,25,16,273.60","4,56,747"
10-Apr-26,Friday,April,Q2,2026,EQ,"1,337.00","1,352.30","1,331.50","1,330.00","1,350.00","1,350.20","1,346.97","1,611.80","1,114.85","1,93,64,461","26,08,33,04,335.70","2,28,260"
09-Apr-26,Thursday,April,Q2,2026,EQ,"1,346.00","1,350.00","1,326.30","1,347.80","1,330.00","1,330.00","1,333.26","1,611.80","1,114.85","2,07,25,390","27,63,22,49,237.20","2,77,395"
08-Apr-26,Wednesday,April,Q2,2026,EQ,"1,349.00","1,350.60","1,326.20","1,304.60","1,349.40","1,347.80","1,343.02","1,611.80","1,114.85","2,18,17,543","29,30,14,22,736.40","4,34,059"
07-Apr-26,Tuesday,April,Q2,2026,EQ,"1,295.00","1,308.30","1,291.00","1,304.70","1,307.30","1,304.60","1,298.73","1,611.80","1,114.85","2,83,88,922","36,86,96,41,751.60","3,64,146"
06-Apr-26,Monday,April,Q2,2026,EQ,"1,359.00","1,359.00","1,290.00","1,350.50","1,306.00","1,304.70","1,306.37","1,611.80","1,114.85","2,92,74,881","38,24,37,83,551.00","5,84,670"
02-Apr-26,Thursday,April,Q2,2026,EQ,"1,357.00","1,358.20","1,328.00","1,369.20","1,350.90","1,350.50","1,346.65","1,611.80","1,114.85","2,12,80,051","28,65,68,73,097.20","3,35,321"
01-Apr-26,Wednesday,April,Q2,2026,EQ,"1,384.20","1,384.40","1,362.90","1,343.90","1,369.50","1,369.20","1,372.02","1,611.80","1,114.85","1,44,04,619","19,76,33,87,955.30","2,41,179"
30-Mar-26,Monday,March,Q1,2026,EQ,"1,335.00","1,365.00","1,334.10","1,348.10","1,348.30","1,343.90","1,347.25","1,611.80","1,114.85","2,43,93,861","32,86,45,44,984.70","4,26,526"
27-Mar-26,Friday,March,Q1,2026,EQ,"1,401.00","1,404.70","1,345.00","1,413.10","1,348.00","1,348.10","1,359.97","1,611.80","1,114.85","2,32,66,517","31,64,17,34,742.50","5,46,051"
25-Mar-26,Wednesday,March,Q1,2026,EQ,"1,420.00","1,430.50","1,408.40","1,411.80","1,413.80","1,413.10","1,418.75","1,611.80","1,114.85","1,90,41,331","27,01,49,40,455.50","3,13,024"
24-Mar-26,Tuesday,March,Q1,2026,EQ,"1,420.00","1,422.40","1,406.60","1,407.80","1,414.00","1,411.80","1,413.20","1,611.80","1,114.85","1,86,20,893","26,31,50,89,062.40","3,04,313"
23-Mar-26,Monday,March,Q1,2026,EQ,"1,400.00","1,415.60","1,391.00","1,414.40","1,404.00","1,407.80","1,404.46","1,611.80","1,114.85","1,89,79,554","26,65,59,71,496.80","3,85,355"
20-Mar-26,Friday,March,Q1,2026,EQ,"1,398.00","1,430.00","1,396.10","1,384.80","1,413.60","1,414.40","1,418.94","1,611.80","1,114.85","2,29,94,918","32,62,84,66,606.50","3,15,139"
19-Mar-26,Thursday,March,Q1,2026,EQ,"1,388.00","1,415.70","1,376.10","1,408.10","1,392.00","1,384.80","1,394.72","1,611.80","1,114.85","1,64,98,373","23,01,06,87,830.50","3,05,792"
18-Mar-26,Wednesday,March,Q1,2026,EQ,"1,397.20","1,412.90","1,397.20","1,397.60","1,407.20","1,408.10","1,408.59","1,611.80","1,114.85","95,59,327","13,46,51,78,867.70","2,12,371"
17-Mar-26,Tuesday,March,Q1,2026,EQ,"1,399.00","1,405.90","1,388.20","1,395.10","1,394.80","1,397.60","1,398.21","1,611.80","1,114.85","1,90,07,744","26,57,68,82,526.60","2,73,340"
16-Mar-26,Monday,March,Q1,2026,EQ,"1,380.00","1,397.30","1,363.50","1,380.70","1,394.00","1,395.10","1,384.52","1,611.80","1,114.85","2,28,37,802","31,61,93,78,231.50","2,93,132"
13-Mar-26,Friday,March,Q1,2026,EQ,"1,385.20","1,400.80","1,378.40","1,392.20","1,382.10","1,380.70","1,388.25","1,611.80","1,114.85","1,72,65,090","23,96,82,36,254.70","3,15,335"
12-Mar-26,Thursday,March,Q1,2026,EQ,"1,390.00","1,410.90","1,381.10","1,390.20","1,390.00","1,392.20","1,397.56","1,611.80","1,114.85","2,09,39,959","29,26,48,77,793.70","3,70,385"
11-Mar-26,Wednesday,March,Q1,2026,EQ,"1,424.90","1,434.00","1,383.60","1,408.80","1,386.80","1,390.20","1,402.95","1,611.80","1,114.85","2,18,48,087","30,65,16,92,543.40","3,58,595"
10-Mar-26,Tuesday,March,Q1,2026,EQ,"1,430.60","1,431.50","1,400.60","1,424.00","1,410.90","1,408.80","1,410.92","1,611.80","1,114.85","1,80,71,259","25,49,71,67,382.50","2,66,712"
09-Mar-26,Monday,March,Q1,2026,EQ,"1,375.00","1,429.40","1,370.00","1,404.80","1,418.60","1,424.00","1,404.08","1,611.80","1,114.85","2,48,70,822","34,92,05,85,822.30","3,63,998"
06-Mar-26,Friday,March,Q1,2026,EQ,"1,396.50","1,424.30","1,390.30","1,389.40","1,407.00","1,404.80","1,412.87","1,611.80","1,114.85","1,93,11,971","27,28,52,57,299.50","2,91,792"
05-Mar-26,Thursday,March,Q1,2026,EQ,"1,353.10","1,399.00","1,353.10","1,345.00","1,386.40","1,389.40","1,383.03","1,611.80","1,114.85","2,59,57,532","35,89,99,97,226.10","3,39,169"
04-Mar-26,Wednesday,March,Q1,2026,EQ,"1,330.00","1,352.80","1,307.00","1,358.00","1,345.20","1,345.00","1,334.60","1,611.80","1,114.85","3,24,95,007","43,36,79,43,821.30","6,43,399"
02-Mar-26,Monday,March,Q1,2026,EQ,"1,375.50","1,378.60","1,341.50","1,393.90","1,360.00","1,358.00","1,358.19","1,611.80","1,114.85","2,37,28,722","32,22,81,24,369.60","3,84,813"
27-Feb-26,Friday,February,Q1,2026,EQ,"1,398.00","1,410.40","1,388.10","1,406.80","1,394.90","1,393.90","1,397.46","1,611.80","1,114.85","1,20,31,440","16,81,35,12,507.20","1,95,405"
26-Feb-26,Thursday,February,Q1,2026,EQ,"1,398.50","1,412.90","1,391.90","1,398.50","1,409.00","1,406.80","1,404.01","1,611.80","1,114.85","1,66,83,858","23,42,42,95,896.50","2,42,404"
25-Feb-26,Wednesday,February,Q1,2026,EQ,"1,435.00","1,440.50","1,393.50","1,428.80","1,400.80","1,398.50","1,414.07","1,611.80","1,114.85","1,07,28,792","15,17,13,07,392.70","2,04,165"
24-Feb-26,Tuesday,February,Q1,2026,EQ,"1,425.30","1,433.30","1,415.00","1,428.00","1,431.10","1,428.80","1,424.96","1,611.80","1,114.85","1,25,29,409","17,85,39,17,144.10","1,96,324"
23-Feb-26,Monday,February,Q1,2026,EQ,"1,425.00","1,434.90","1,418.30","1,419.40","1,425.00","1,428.00","1,425.50","1,611.80","1,114.85","77,58,856","11,06,02,70,073.70","1,40,217"
20-Feb-26,Friday,February,Q1,2026,EQ,"1,409.50","1,427.40","1,406.10","1,409.50","1,419.10","1,419.40","1,420.00","1,611.80","1,114.85","81,77,670","11,61,22,83,011.40","1,61,489"
19-Feb-26,Thursday,February,Q1,2026,EQ,"1,443.00","1,443.00","1,400.00","1,441.30","1,407.20","1,409.50","1,415.94","1,611.80","1,114.85","1,18,84,664","16,82,79,34,160.10","2,21,944"
18-Feb-26,Wednesday,February,Q1,2026,EQ,"1,427.00","1,442.10","1,419.20","1,423.00","1,441.00","1,441.30","1,432.14","1,611.80","1,114.85","55,21,096","7,90,69,56,447.40","1,21,784"
17-Feb-26,Tuesday,February,Q1,2026,EQ,"1,431.10","1,431.80","1,418.60","1,437.10","1,424.20","1,423.00","1,423.10","1,611.80","1,114.85","1,07,31,630","15,27,21,75,589.40","1,89,670"
16-Feb-26,Monday,February,Q1,2026,EQ,"1,420.10","1,439.60","1,409.30","1,419.60","1,434.10","1,437.10","1,426.07","1,611.80","1,114.85","58,96,514","8,40,88,65,413.30","1,60,094"
13-Feb-26,Friday,February,Q1,2026,EQ,"1,445.50","1,450.70","1,416.30","1,448.90","1,418.60","1,419.60","1,423.73","1,611.80","1,114.85","1,07,55,693","15,31,32,21,949.70","1,82,348"
12-Feb-26,Thursday,February,Q1,2026,EQ,"1,470.00","1,473.00","1,445.50","1,468.70","1,449.90","1,448.90","1,453.64","1,611.80","1,114.85","1,11,35,399","16,18,68,60,274.50","1,95,451"
11-Feb-26,Wednesday,February,Q1,2026,EQ,"1,459.60","1,470.00","1,453.60","1,458.50","1,469.00","1,468.70","1,465.14","1,611.80","1,114.85","71,06,877","10,41,25,35,997.80","2,00,342"
10-Feb-26,Tuesday,February,Q1,2026,EQ,"1,471.00","1,471.00","1,452.20","1,461.60","1,456.20","1,458.50","1,459.23","1,611.80","1,114.85","1,02,59,630","14,97,11,96,098.30","1,81,163"
09-Feb-26,Monday,February,Q1,2026,EQ,"1,458.00","1,465.90","1,453.00","1,450.80","1,461.20","1,461.60","1,462.26","1,611.80","1,114.85","57,75,864","8,44,58,11,902.30","1,27,171"
06-Feb-26,Friday,February,Q1,2026,EQ,"1,441.50","1,452.80","1,433.50","1,443.40","1,451.00","1,450.80","1,442.78","1,611.80","1,114.85","82,77,304","11,94,23,66,313.00","1,33,331"
05-Feb-26,Thursday,February,Q1,2026,EQ,"1,457.00","1,461.50","1,439.50","1,456.80","1,441.90","1,443.40","1,444.91","1,611.80","1,114.85","1,17,63,658","16,99,74,46,034.90","2,06,465"
04-Feb-26,Wednesday,February,Q1,2026,EQ,"1,444.00","1,464.00","1,440.30","1,437.10","1,455.40","1,456.80","1,455.35","1,611.80","1,114.85","83,33,387","12,12,79,57,783.70","1,89,873"
03-Feb-26,Tuesday,February,Q1,2026,EQ,"1,473.90","1,489.50","1,430.20","1,390.40","1,438.00","1,437.10","1,445.70","1,611.80","1,114.85","2,54,56,171","36,80,20,06,349.10","3,60,494"
02-Feb-26,Monday,February,Q1,2026,EQ,"1,340.00","1,392.90","1,335.50","1,347.00","1,388.00","1,390.40","1,373.27","1,611.80","1,114.85","1,57,11,165","21,57,56,43,258.50","3,79,997"
01-Feb-26,Sunday,February,Q1,2026,EQ,"1,396.00","1,411.00","1,335.00","1,395.40","1,342.80","1,347.00","1,377.13","1,611.80","1,114.85","97,14,528","13,37,81,45,108.70","2,36,369"
30-Jan-26,Friday,January,Q1,2026,EQ,"1,382.60","1,398.00","1,378.50","1,391.00","1,397.00","1,395.40","1,391.25","1,611.80","1,114.85","1,12,39,835","15,63,74,18,399.50","1,59,638"
29-Jan-26,Thursday,January,Q1,2026,EQ,"1,402.90","1,402.90","1,384.00","1,396.70","1,386.90","1,391.00","1,393.55","1,611.80","1,114.85","2,08,46,683","29,05,08,18,209.00","2,95,986"
28-Jan-26,Wednesday,January,Q1,2026,EQ,"1,385.00","1,409.90","1,384.90","1,380.50","1,398.50","1,396.70","1,396.85","1,611.80","1,114.85","1,11,21,657","15,53,53,35,257.60","2,09,556"
27-Jan-26,Tuesday,January,Q1,2026,EQ,"1,380.00","1,391.60","1,368.00","1,386.10","1,384.00","1,380.50","1,381.87","1,611.80","1,114.85","2,63,02,396","36,34,65,67,203.10","3,37,571"
23-Jan-26,Friday,January,Q1,2026,EQ,"1,401.80","1,407.00","1,381.00","1,402.50","1,387.00","1,386.10","1,391.32","1,611.80","1,114.85","98,37,802","13,68,75,60,136.70","2,63,283"
22-Jan-26,Thursday,January,Q1,2026,EQ,"1,410.10","1,419.50","1,395.00","1,404.60","1,404.10","1,402.50","1,403.80","1,611.80","1,114.85","1,57,21,693","22,07,01,50,220.10","3,91,641"
21-Jan-26,Wednesday,January,Q1,2026,EQ,"1,389.50","1,412.90","1,373.00","1,394.00","1,407.50","1,404.60","1,399.14","1,611.80","1,114.85","1,73,52,720","24,27,89,65,746.30","4,12,452"
20-Jan-26,Tuesday,January,Q1,2026,EQ,"1,410.70","1,416.00","1,390.00","1,413.60","1,392.40","1,394.00","1,401.05","1,611.80","1,114.85","1,31,89,498","18,47,91,64,578.50","3,82,470"
19-Jan-26,Monday,January,Q1,2026,EQ,"1,450.60","1,450.60","1,403.30","1,457.90","1,413.20","1,413.60","1,415.36","1,611.80","1,114.85","2,03,92,765","28,86,31,28,634.10","5,69,720"
16-Jan-26,Friday,January,Q1,2026,EQ,"1,458.80","1,480.00","1,455.10","1,458.80","1,461.00","1,457.90","1,464.15","1,611.80","1,114.85","1,71,67,161","25,13,52,47,618.00","2,89,037"
14-Jan-26,Wednesday,January,Q1,2026,EQ,"1,444.00","1,467.00","1,440.20","1,452.80","1,458.80","1,458.80","1,458.22","1,611.80","1,114.85","83,21,764","12,13,49,50,551.20","1,67,816"
13-Jan-26,Tuesday,January,Q1,2026,EQ,"1,485.00","1,485.80","1,444.70","1,483.20","1,456.90","1,452.80","1,457.67","1,611.80","1,114.85","1,34,99,760","19,67,81,31,155.40","2,89,198"
12-Jan-26,Monday,January,Q1,2026,EQ,"1,475.30","1,485.30","1,451.00","1,475.30","1,484.00","1,483.20","1,469.79","1,611.80","1,114.85","88,83,745","13,05,72,59,395.40","2,36,827"
09-Jan-26,Friday,January,Q1,2026,EQ,"1,465.00","1,479.90","1,465.00","1,470.60","1,476.00","1,475.30","1,472.13","1,611.80","1,114.85","83,35,311","12,27,06,72,520.90","2,37,412"
08-Jan-26,Thursday,January,Q1,2026,EQ,"1,500.00","1,503.90","1,468.80","1,504.20","1,470.70","1,470.60","1,477.72","1,611.80","1,114.85","1,65,18,684","24,41,00,37,550.10","4,43,727"
07-Jan-26,Wednesday,January,Q1,2026,EQ,"1,510.00","1,520.00","1,498.00","1,507.60","1,505.10","1,504.20","1,506.81","1,611.80","1,114.85","1,11,99,340","16,87,52,53,099.50","3,02,077"
06-Jan-26,Tuesday,January,Q1,2026,EQ,"1,569.00","1,569.00","1,496.30","1,578.10","1,508.90","1,507.60","1,516.17","1,611.80","1,114.85","2,74,17,125","41,56,90,80,602.20","5,83,917"
05-Jan-26,Monday,January,Q1,2026,EQ,"1,593.00","1,611.80","1,575.30","1,592.30","1,577.00","1,578.10","1,589.36","1,611.80","1,114.85","87,04,973","13,83,53,33,400.10","2,27,204"
02-Jan-26,Friday,January,Q1,2026,EQ,"1,580.00","1,594.60","1,578.20","1,575.60","1,593.00","1,592.30","1,589.16","1,594.60","1,114.85","66,02,230","10,49,19,99,169.40","1,56,023"
01-Jan-26,Thursday,January,Q1,2026,EQ,"1,573.70","1,592.50","1,571.10","1,570.40","1,572.90","1,575.60","1,578.67","1,592.50","1,114.85","64,08,128","10,11,63,46,867.10","1,34,062"
31-Dec-25,Wednesday,December,Q4,2025,EQ,"1,541.00","1,577.00","1,541.00","1,539.80","1,569.00","1,570.40","1,566.86","1,581.30","1,114.85","57,71,830","9,04,36,50,348.50","1,41,792"
30-Dec-25,Tuesday,December,Q4,2025,EQ,"1,547.00","1,553.60","1,537.80","1,545.60","1,541.00","1,539.80","1,543.21","1,581.30","1,114.85","88,15,884","13,60,47,45,435.00","1,99,428"
29-Dec-25,Monday,December,Q4,2025,EQ,"1,554.90","1,558.10","1,543.60","1,559.20","1,546.70","1,545.60","1,547.80","1,581.30","1,114.85","59,72,105","9,24,36,16,142.30","1,58,162"
26-Dec-25,Friday,December,Q4,2025,EQ,"1,554.70","1,561.00","1,554.30","1,558.20","1,560.00","1,559.20","1,558.05","1,581.30","1,114.85","23,11,495","3,60,14,35,338.70","81,976"
24-Dec-25,Wednesday,December,Q4,2025,EQ,"1,572.70","1,575.70","1,553.60","1,570.70","1,560.60","1,558.20","1,559.55","1,581.30","1,114.85","88,15,745","13,74,86,00,530.90","2,43,970"
23-Dec-25,Tuesday,December,Q4,2025,EQ,"1,580.90","1,580.90","1,568.10","1,575.40","1,569.00","1,570.70","1,573.01","1,581.30","1,114.85","75,06,564","11,80,79,16,323.50","1,79,265"
22-Dec-25,Monday,December,Q4,2025,EQ,"1,573.50","1,577.50","1,565.30","1,565.10","1,577.00","1,575.40","1,571.96","1,581.30","1,114.85","1,01,84,852","16,01,02,06,159.50","3,71,017"
19-Dec-25,Friday,December,Q4,2025,EQ,"1,554.40","1,574.20","1,551.00","1,544.40","1,564.90","1,565.10","1,566.60","1,581.30","1,114.85","1,39,37,275","21,83,41,30,206.80","2,79,233"
18-Dec-25,Thursday,December,Q4,2025,EQ,"1,535.20","1,551.50","1,535.20","1,544.40","1,543.50","1,544.40","1,545.30","1,581.30","1,114.85","65,80,829","10,16,93,53,778.00","1,75,814"
17-Dec-25,Wednesday,December,Q4,2025,EQ,"1,550.00","1,550.00","1,539.30","1,542.30","1,545.10","1,544.40","1,544.14","1,581.30","1,114.85","71,16,649","10,98,91,03,491.90","1,76,852"
16-Dec-25,Tuesday,December,Q4,2025,EQ,"1,545.00","1,551.70","1,538.80","1,556.20","1,540.70","1,542.30","1,544.30","1,581.30","1,114.85","1,17,31,856","18,11,75,38,818.10","2,46,980"
15-Dec-25,Monday,December,Q4,2025,EQ,"1,551.20","1,558.60","1,546.50","1,556.50","1,557.00","1,556.20","1,553.69","1,581.30","1,114.85","57,74,543","8,97,18,36,560.70","1,85,872"
12-Dec-25,Friday,December,Q4,2025,EQ,"1,550.80","1,559.80","1,546.10","1,545.00","1,554.30","1,556.50","1,555.21","1,581.30","1,114.85","51,06,655","7,94,19,40,758.50","1,39,702"
11-Dec-25,Thursday,December,Q4,2025,EQ,"1,536.90","1,550.00","1,524.00","1,536.90","1,543.00","1,545.00","1,540.61","1,581.30","1,114.85","47,06,197","7,25,04,28,118.40","1,68,155"
10-Dec-25,Wednesday,December,Q4,2025,EQ,"1,534.00","1,547.50","1,531.40","1,529.40","1,533.50","1,536.90","1,539.72","1,581.30","1,114.85","79,91,629","12,30,48,93,787.50","2,02,989"
09-Dec-25,Tuesday,December,Q4,2025,EQ,"1,540.30","1,542.50","1,520.10","1,543.00","1,532.40","1,529.40","1,530.00","1,581.30","1,114.85","1,15,03,971","17,60,10,83,501.20","2,05,129"
08-Dec-25,Monday,December,Q4,2025,EQ,"1,539.20","1,551.00","1,535.00","1,540.60","1,539.90","1,543.00","1,540.71","1,581.30","1,114.85","1,13,01,491","17,41,23,09,977.70","1,82,756"
05-Dec-25,Friday,December,Q4,2025,EQ,"1,530.40","1,545.80","1,520.60","1,535.60","1,544.60","1,540.60","1,534.80","1,581.30","1,114.85","1,01,83,266","15,62,92,90,582.50","1,81,528"
04-Dec-25,Thursday,December,Q4,2025,EQ,"1,536.00","1,560.50","1,517.60","1,538.80","1,525.30","1,535.60","1,543.73","1,581.30","1,114.85","1,18,67,930","18,32,08,33,054.60","2,03,260"
03-Dec-25,Wednesday,December,Q4,2025,EQ,"1,545.20","1,552.40","1,533.00","1,546.30","1,539.10","1,538.80","1,539.45","1,581.30","1,114.85","60,90,883","9,37,65,93,978.90","1,56,721"
02-Dec-25,Tuesday,December,Q4,2025,EQ,"1,561.10","1,567.50","1,542.00","1,566.10","1,548.30","1,546.30","1,550.62","1,581.30","1,114.85","1,13,89,150","17,66,02,97,036.30","3,23,713"
01-Dec-25,Monday,December,Q4,2025,EQ,"1,575.00","1,577.50","1,563.60","1,567.50","1,566.50","1,566.10","1,571.31","1,581.30","1,114.85","89,20,233","14,01,64,86,649.50","2,92,601"
28-Nov-25,Friday,November,Q4,2025,EQ,"1,568.00","1,581.30","1,563.00","1,563.40","1,569.00","1,567.50","1,571.94","1,581.30","1,114.85","89,59,508","14,08,38,38,960.40","2,29,373"
27-Nov-25,Thursday,November,Q4,2025,EQ,"1,575.00","1,575.50","1,556.00","1,569.90","1,564.80","1,563.40","1,563.68","1,575.50","1,114.85","97,94,643","15,31,57,04,900.90","2,78,929"
26-Nov-25,Wednesday,November,Q4,2025,EQ,"1,542.30","1,571.60","1,540.50","1,539.70","1,569.60","1,569.90","1,562.98","1,571.60","1,114.85","1,40,54,299","21,96,65,88,733.90","2,85,274"
25-Nov-25,Tuesday,November,Q4,2025,EQ,"1,535.90","1,559.60","1,525.10","1,535.90","1,540.00","1,539.70","1,546.34","1,559.60","1,114.85","1,50,33,482","23,24,69,09,829.70","2,99,805"
24-Nov-25,Monday,November,Q4,2025,EQ,"1,550.00","1,550.00","1,531.80","1,546.60","1,534.90","1,535.90","1,537.26","1,557.80","1,114.85","1,84,33,951","28,33,78,41,303.40","1,98,313"
21-Nov-25,Friday,November,Q4,2025,EQ,"1,541.00","1,557.80","1,540.10","1,549.10","1,543.70","1,546.60","1,549.35","1,557.80","1,114.85","96,15,271","14,89,73,85,970.30","2,40,250"
20-Nov-25,Thursday,November,Q4,2025,EQ,"1,530.00","1,550.90","1,526.70","1,518.90","1,549.50","1,549.10","1,543.57","1,551.00","1,114.85","1,81,71,724","28,04,93,06,041.50","2,46,552"
19-Nov-25,Wednesday,November,Q4,2025,EQ,"1,517.40","1,522.30","1,512.00","1,519.40","1,519.00","1,518.90","1,518.64","1,551.00","1,114.85","56,92,366","8,64,46,40,452.70","1,31,481"
18-Nov-25,Tuesday,November,Q4,2025,EQ,"1,521.70","1,527.80","1,510.50","1,518.30","1,520.00","1,519.40","1,520.18","1,551.00","1,114.85","1,10,45,042","16,79,05,05,249.50","1,65,850"
17-Nov-25,Monday,November,Q4,2025,EQ,"1,520.90","1,523.70","1,511.50","1,518.90","1,518.00","1,518.30","1,516.89","1,551.00","1,114.85","58,71,416","8,90,62,94,222.30","1,23,473"
14-Nov-25,Friday,November,Q4,2025,EQ,"1,505.50","1,520.90","1,505.50","1,510.90","1,518.20","1,518.90","1,516.51","1,551.00","1,114.85","76,82,823","11,65,10,84,505.30","1,94,941"
13-Nov-25,Thursday,November,Q4,2025,EQ,"1,515.00","1,522.10","1,506.80","1,511.50","1,512.10","1,510.90","1,514.35","1,551.00","1,114.85","71,96,443","10,89,79,56,389.70","2,09,774"
12-Nov-25,Wednesday,November,Q4,2025,EQ,"1,505.00","1,524.70","1,500.00","1,493.40","1,511.80","1,511.50","1,515.00","1,551.00","1,114.85","1,23,84,459","18,76,25,17,172.20","2,52,417"
11-Nov-25,Tuesday,November,Q4,2025,EQ,"1,497.00","1,498.80","1,480.20","1,489.30","1,493.80","1,493.40","1,489.58","1,551.00","1,114.85","71,27,506","10,61,69,76,771.80","1,49,607"
10-Nov-25,Monday,November,Q4,2025,EQ,"1,477.90","1,501.00","1,475.50","1,478.00","1,490.10","1,489.30","1,492.69","1,551.00","1,114.85","70,68,438","10,55,09,78,254.30","1,54,602"
07-Nov-25,Friday,November,Q4,2025,EQ,"1,494.60","1,498.40","1,475.90","1,496.10","1,480.00","1,478.00","1,486.71","1,551.00","1,114.85","78,21,765","11,62,87,33,264.10","1,39,608"
06-Nov-25,Thursday,November,Q4,2025,EQ,"1,484.00","1,501.60","1,476.20","1,473.10","1,494.80","1,496.10","1,494.08","1,551.00","1,114.85","1,67,72,678","25,05,96,56,533.30","2,69,902"
04-Nov-25,Tuesday,November,Q4,2025,EQ,"1,483.90","1,492.80","1,470.10","1,484.70","1,471.10","1,473.10","1,480.96","1,551.00","1,114.85","1,00,07,806","14,82,11,44,472.70","2,18,103"
03-Nov-25,Monday,November,Q4,2025,EQ,"1,486.00","1,495.00","1,479.30","1,486.40","1,487.30","1,484.70","1,488.29","1,551.00","1,114.85","84,52,085","12,57,91,61,982.90","2,45,664"
31-Oct-25,Friday,October,Q4,2025,EQ,"1,490.40","1,497.50","1,482.30","1,488.50","1,487.00","1,486.40","1,487.80","1,551.00","1,114.85","87,58,053","13,03,02,57,785.30","2,06,898"
30-Oct-25,Thursday,October,Q4,2025,EQ,"1,500.00","1,503.10","1,484.00","1,504.20","1,489.50","1,488.50","1,492.27","1,551.00","1,114.85","93,18,663","13,90,59,20,959.90","2,76,397"
29-Oct-25,Wednesday,October,Q4,2025,EQ,"1,490.00","1,508.30","1,488.10","1,486.90","1,504.00","1,504.20","1,502.67","1,551.00","1,114.85","1,18,84,745","17,85,88,00,582.60","2,19,504"
28-Oct-25,Tuesday,October,Q4,2025,EQ,"1,484.10","1,492.00","1,477.60","1,484.10","1,489.70","1,486.90","1,484.96","1,551.00","1,114.85","1,76,31,577","26,18,22,48,923.90","3,14,894"
27-Oct-25,Monday,October,Q4,2025,EQ,"1,463.00","1,485.00","1,458.00","1,451.60","1,483.20","1,484.10","1,480.24","1,551.00","1,114.85","1,41,13,867","20,89,18,82,342.50","2,74,839"
24-Oct-25,Friday,October,Q4,2025,EQ,"1,450.00","1,459.80","1,441.00","1,448.40","1,451.10","1,451.60","1,450.25","2,752.00","1,114.85","97,00,837","14,06,86,22,023.20","2,21,258"
23-Oct-25,Thursday,October,Q4,2025,EQ,"1,475.00","1,482.90","1,444.60","1,465.20","1,448.00","1,448.40","1,464.71","2,752.00","1,114.85","1,87,07,090","27,40,03,74,842.50","3,76,220"
21-Oct-25,Tuesday,October,Q4,2025,EQ,"1,468.00","1,474.00","1,460.00","1,466.80","1,461.00","1,465.20","1,467.87","2,752.00","1,114.85","20,66,169","3,03,28,61,642.80","86,819"
20-Oct-25,Monday,October,Q4,2025,EQ,"1,440.00","1,473.80","1,433.30","1,416.80","1,467.90","1,466.80","1,461.76","2,752.00","1,114.85","2,47,21,978","36,13,76,73,257.50","5,12,798"
17-Oct-25,Friday,October,Q4,2025,EQ,"1,401.00","1,423.30","1,399.10","1,398.30","1,419.10","1,416.80","1,413.78","2,760.15","1,114.85","1,93,35,561","27,33,62,05,033.00","3,50,761"
16-Oct-25,Thursday,October,Q4,2025,EQ,"1,375.10","1,400.50","1,375.00","1,374.30","1,398.50","1,398.30","1,387.20","2,760.15","1,114.85","1,23,15,932","17,08,46,36,046.80","2,87,913"
15-Oct-25,Wednesday,October,Q4,2025,EQ,"1,383.00","1,384.00","1,372.70","1,375.90","1,374.70","1,374.30","1,377.15","2,760.15","1,114.85","1,08,82,743","14,98,71,55,897.30","2,39,811"
14-Oct-25,Tuesday,October,Q4,2025,EQ,"1,380.00","1,388.00","1,370.10","1,375.00","1,374.90","1,375.90","1,377.47","2,760.15","1,114.85","97,68,174","13,45,53,95,764.80","1,64,937"
13-Oct-25,Monday,October,Q4,2025,EQ,"1,376.90","1,377.70","1,367.80","1,381.70","1,376.00","1,375.00","1,372.70","2,760.15","1,114.85","76,00,682","10,43,34,92,493.50","1,75,585"
10-Oct-25,Friday,October,Q4,2025,EQ,"1,377.80","1,388.00","1,375.10","1,377.80","1,380.90","1,381.70","1,383.21","2,802.00","1,114.85","63,73,084","8,81,53,17,323.10","1,93,985"
09-Oct-25,Thursday,October,Q4,2025,EQ,"1,374.00","1,380.00","1,369.10","1,367.40","1,376.50","1,377.80","1,376.25","2,802.00","1,114.85","88,26,633","12,14,76,69,213.50","2,17,890"
08-Oct-25,Wednesday,October,Q4,2025,EQ,"1,384.80","1,389.00","1,364.50","1,384.80","1,367.30","1,367.40","1,371.62","2,802.00","1,114.85","85,25,081","11,69,32,12,975.10","2,14,245"
07-Oct-25,Tuesday,October,Q4,2025,EQ,"1,376.00","1,395.90","1,375.90","1,375.00","1,384.50","1,384.80","1,386.79","2,802.00","1,114.85","1,12,44,040","15,59,31,76,402.20","1,96,055"
06-Oct-25,Monday,October,Q4,2025,EQ,"1,360.00","1,377.40","1,359.00","1,363.40","1,374.90","1,375.00","1,367.85","2,802.00","1,114.85","1,23,96,580","16,95,66,55,218.30","1,84,550"
03-Oct-25,Friday,October,Q4,2025,EQ,"1,363.20","1,371.60","1,356.90","1,368.70","1,363.30","1,363.40","1,362.13","3,049.95","1,114.85","1,28,42,347","17,49,29,14,973.80","2,16,161"
01-Oct-25,Wednesday,October,Q4,2025,EQ,"1,367.00","1,378.60","1,362.70","1,364.00","1,370.00","1,368.70","1,369.56","3,049.95","1,114.85","1,20,45,916","16,49,76,35,567.10","2,58,017"
30-Sep-25,Tuesday,September,Q3,2025,EQ,"1,377.10","1,377.10","1,362.80","1,372.80","1,364.00","1,364.00","1,366.52","3,049.95","1,114.85","1,46,04,684","19,95,75,82,304.90","2,23,375"
29-Sep-25,Monday,September,Q3,2025,EQ,"1,381.60","1,389.00","1,368.00","1,377.60","1,376.00","1,372.80","1,375.78","3,049.95","1,114.85","1,42,31,999","19,58,01,10,793.70","2,13,268"
26-Sep-25,Friday,September,Q3,2025,EQ,"1,372.00","1,382.70","1,366.00","1,372.40","1,379.00","1,377.60","1,376.37","3,066.95","1,114.85","98,79,109","13,59,73,42,647.00","1,48,644"
25-Sep-25,Thursday,September,Q3,2025,EQ,"1,381.30","1,384.50","1,369.00","1,383.00","1,374.80","1,372.40","1,375.53","3,066.95","1,114.85","1,14,11,143","15,69,63,73,894.00","1,55,102"
24-Sep-25,Wednesday,September,Q3,2025,EQ,"1,385.30","1,396.00","1,380.40","1,389.80","1,381.10","1,383.00","1,387.32","3,066.95","1,114.85","59,22,759","8,21,67,78,017.50","1,20,399"
23-Sep-25,Tuesday,September,Q3,2025,EQ,"1,391.00","1,395.00","1,376.80","1,390.60","1,390.50","1,389.80","1,387.57","3,066.95","1,114.85","1,40,14,702","19,44,63,55,038.70","2,10,931"
22-Sep-25,Monday,September,Q3,2025,EQ,"1,403.90","1,410.70","1,388.00","1,407.40","1,390.90","1,390.60","1,400.91","3,066.95","1,114.85","77,57,970","10,86,82,28,760.60","1,36,991"
19-Sep-25,Friday,September,Q3,2025,EQ,"1,414.90","1,417.00","1,403.60","1,415.00","1,407.60","1,407.40","1,408.43","3,066.95","1,114.85","1,34,61,373","18,95,93,42,246.10","1,43,644"
18-Sep-25,Thursday,September,Q3,2025,EQ,"1,420.40","1,422.00","1,410.70","1,413.80","1,415.00","1,415.00","1,415.31","3,066.95","1,114.85","93,32,642","13,20,85,89,778.10","1,82,559"
17-Sep-25,Wednesday,September,Q3,2025,EQ,"1,407.00","1,416.20","1,406.90","1,405.30","1,413.00","1,413.80","1,412.05","3,066.95","1,114.85","75,19,417","10,61,78,06,261.00","1,89,638"
16-Sep-25,Tuesday,September,Q3,2025,EQ,"1,404.70","1,408.00","1,398.20","1,399.30","1,405.90","1,405.30","1,404.00","3,066.95","1,114.85","86,86,961","12,19,64,51,860.10","1,70,452"
15-Sep-25,Monday,September,Q3,2025,EQ,"1,393.00","1,400.80","1,388.60","1,395.00","1,399.30","1,399.30","1,395.97","3,066.95","1,114.85","53,96,697","7,53,36,35,758.20","1,30,728"
12-Sep-25,Friday,September,Q3,2025,EQ,"1,383.30","1,396.30","1,380.50","1,383.30","1,395.00","1,395.00","1,392.69","3,066.95","1,114.85","74,03,368","10,31,06,08,459.50","1,56,369"
11-Sep-25,Thursday,September,Q3,2025,EQ,"1,376.00","1,385.50","1,375.00","1,377.00","1,382.10","1,383.30","1,382.49","3,066.95","1,114.85","97,66,072","13,50,14,79,258.50","1,73,431"
10-Sep-25,Wednesday,September,Q3,2025,EQ,"1,383.90","1,388.50","1,374.10","1,376.20","1,377.50","1,377.00","1,380.12","3,066.95","1,114.85","77,90,815","10,75,22,66,849.20","2,22,655"
09-Sep-25,Tuesday,September,Q3,2025,EQ,"1,376.60","1,381.20","1,368.70","1,378.50","1,376.10","1,376.20","1,375.44","3,066.95","1,114.85","97,54,452","13,41,66,75,656.70","2,09,637"
08-Sep-25,Monday,September,Q3,2025,EQ,"1,380.00","1,386.00","1,372.40","1,375.00","1,378.90","1,378.50","1,379.43","3,066.95","1,114.85","69,86,720","9,63,76,80,456.60","1,31,052"
05-Sep-25,Friday,September,Q3,2025,EQ,"1,363.00","1,381.00","1,359.30","1,359.30","1,375.70","1,375.00","1,370.36","3,066.95","1,114.85","57,77,575","7,91,73,73,815.60","1,42,951"
04-Sep-25,Thursday,September,Q3,2025,EQ,"1,371.80","1,374.00","1,357.10","1,372.60","1,359.10","1,359.30","1,363.97","3,066.95","1,114.85","1,32,23,177","18,03,59,88,833.70","2,00,473"
03-Sep-25,Wednesday,September,Q3,2025,EQ,"1,369.70","1,376.50","1,360.50","1,366.50","1,372.00","1,372.60","1,368.85","3,066.95","1,114.85","78,47,563","10,74,21,61,678.40","2,09,277"
02-Sep-25,Tuesday,September,Q3,2025,EQ,"1,354.80","1,384.50","1,354.50","1,353.90","1,367.50","1,366.50","1,374.28","3,066.95","1,114.85","1,15,17,006","15,82,76,20,364.30","2,35,433"
01-Sep-25,Monday,September,Q3,2025,EQ,"1,356.00","1,363.20","1,340.60","1,357.20","1,355.00","1,353.90","1,353.99","3,066.95","1,114.85","1,12,32,238","15,20,83,77,268.50","2,49,574"
29-Aug-25,Friday,August,Q3,2025,EQ,"1,381.10","1,403.50","1,350.00","1,385.90","1,356.00","1,357.20","1,375.14","3,079.45","1,114.85","1,87,58,842","25,79,60,85,387.60","3,48,532"
28-Aug-25,Thursday,August,Q3,2025,EQ,"1,389.90","1,392.20","1,366.50","1,384.90","1,390.90","1,385.90","1,380.78","3,079.45","1,114.85","1,31,61,813","18,17,35,99,832.00","2,52,423"
26-Aug-25,Tuesday,August,Q3,2025,EQ,"1,408.00","1,410.00","1,381.60","1,412.60","1,383.80","1,384.90","1,390.78","3,079.45","1,114.85","1,21,45,259","16,89,13,59,345.30","2,01,578"
25-Aug-25,Monday,August,Q3,2025,EQ,"1,414.70","1,419.50","1,405.70","1,409.20","1,413.70","1,412.60","1,412.48","3,079.45","1,114.85","59,79,407","8,44,57,89,682.30","1,84,067"
22-Aug-25,Friday,August,Q3,2025,EQ,"1,420.00","1,423.40","1,407.90","1,424.80","1,409.90","1,409.20","1,414.00","3,079.45","1,114.85","58,18,868","8,22,78,76,997.30","1,37,165"
21-Aug-25,Thursday,August,Q3,2025,EQ,"1,425.00","1,431.90","1,420.30","1,413.00","1,424.30","1,424.80","1,427.55","3,079.45","1,114.85","1,10,21,323","15,73,34,74,504.40","2,31,863"
20-Aug-25,Wednesday,August,Q3,2025,EQ,"1,413.00","1,424.90","1,410.00","1,420.10","1,412.00","1,413.00","1,418.58","3,079.45","1,114.85","87,25,641","12,37,79,83,949.70","1,96,554"
19-Aug-25,Tuesday,August,Q3,2025,EQ,"1,390.00","1,421.00","1,389.10","1,381.70","1,421.00","1,420.10","1,413.60","3,079.45","1,114.85","1,43,84,719","20,33,42,96,972.40","2,88,664"
18-Aug-25,Monday,August,Q3,2025,EQ,"1,390.00","1,394.90","1,377.00","1,373.80","1,382.90","1,381.70","1,384.21","3,079.45","1,114.85","1,17,85,109","16,31,30,18,769.80","3,19,844"
14-Aug-25,Thursday,August,Q3,2025,EQ,"1,377.30","1,380.70","1,370.10","1,382.60","1,372.90","1,373.80","1,375.17","3,079.45","1,114.85","71,26,128","9,79,96,29,519.90","1,75,588"
13-Aug-25,Wednesday,August,Q3,2025,EQ,"1,388.00","1,391.80","1,377.50","1,380.40","1,384.00","1,382.60","1,384.19","3,079.45","1,114.85","74,57,021","10,32,19,69,058.70","2,08,576"
12-Aug-25,Tuesday,August,Q3,2025,EQ,"1,381.90","1,401.90","1,375.20","1,386.20","1,381.00","1,380.40","1,386.76","3,079.45","1,114.85","1,22,44,664","16,98,03,68,560.10","1,79,433"
11-Aug-25,Monday,August,Q3,2025,EQ,"1,370.00","1,388.00","1,361.20","1,367.80","1,384.60","1,386.20","1,375.78","3,079.45","1,114.85","99,97,486","13,75,43,51,256.50","2,26,304"
08-Aug-25,Friday,August,Q3,2025,EQ,"1,385.00","1,397.20","1,365.00","1,389.40","1,366.20","1,367.80","1,374.93","3,079.45","1,114.85","87,93,606","12,09,05,91,567.60","2,08,137"
07-Aug-25,Thursday,August,Q3,2025,EQ,"1,387.70","1,393.70","1,366.00","1,392.80","1,391.00","1,389.40","1,381.52","3,079.45","1,114.85","99,76,705","13,78,30,47,743.50","2,93,767"
06-Aug-25,Wednesday,August,Q3,2025,EQ,"1,391.90","1,395.90","1,383.30","1,391.70","1,393.00","1,392.80","1,390.57","3,079.45","1,114.85","58,34,312","8,11,30,06,686.00","1,56,725"
05-Aug-25,Tuesday,August,Q3,2025,EQ,"1,411.00","1,411.00","1,388.10","1,411.50","1,390.00","1,391.70","1,394.50","3,079.45","1,114.85","93,15,972","12,99,11,63,046.80","2,38,858"
04-Aug-25,Monday,August,Q3,2025,EQ,"1,395.10","1,416.10","1,391.70","1,393.70","1,410.20","1,411.50","1,410.61","3,079.45","1,114.85","63,12,820","8,90,49,07,900.60","1,88,246"
01-Aug-25,Friday,August,Q3,2025,EQ,"1,386.90","1,405.90","1,384.30","1,390.20","1,394.10","1,393.70","1,397.47","3,079.45","1,114.85","1,03,21,171","14,42,34,88,951.80","2,08,431"
31-Jul-25,Thursday,July,Q3,2025,EQ,"1,388.10","1,402.60","1,382.20","1,410.10","1,390.00","1,390.20","1,392.63","3,079.45","1,114.85","1,70,65,827","23,76,63,74,015.30","3,73,516"
30-Jul-25,Wednesday,July,Q3,2025,EQ,"1,418.10","1,423.30","1,401.30","1,417.10","1,409.70","1,410.10","1,411.50","3,079.45","1,114.85","72,09,849","10,17,67,19,970.80","1,67,311"
29-Jul-25,Tuesday,July,Q3,2025,EQ,"1,383.00","1,420.20","1,383.00","1,387.60","1,416.60","1,417.10","1,402.99","3,079.45","1,114.85","1,07,50,072","15,08,22,11,933.30","1,87,813"
28-Jul-25,Monday,July,Q3,2025,EQ,"1,392.30","1,407.80","1,385.00","1,391.70","1,387.10","1,387.60","1,394.17","3,079.45","1,114.85","77,48,361","10,80,25,52,328.10","1,98,421"
25-Jul-25,Friday,July,Q3,2025,EQ,"1,398.90","1,401.00","1,384.10","1,402.90","1,392.40","1,391.70","1,394.22","3,079.45","1,114.85","1,18,54,722","16,52,80,44,233.50","2,37,018"
24-Jul-25,Thursday,July,Q3,2025,EQ,"1,419.20","1,423.00","1,396.00","1,424.60","1,402.80","1,402.90","1,407.06","3,079.45","1,114.85","1,47,40,507","20,74,07,88,758.30","3,14,670"
23-Jul-25,Wednesday,July,Q3,2025,EQ,"1,426.00","1,426.00","1,414.40","1,412.80","1,425.00","1,424.60","1,421.41","3,079.45","1,114.85","83,54,596","11,87,53,15,134.70","2,25,103"
22-Jul-25,Tuesday,July,Q3,2025,EQ,"1,427.40","1,431.90","1,410.70","1,428.60","1,413.80","1,412.80","1,417.05","3,079.45","1,114.85","2,03,96,320","28,90,27,00,383.40","5,04,145"
21-Jul-25,Monday,July,Q3,2025,EQ,"1,465.00","1,476.00","1,423.10","1,476.00","1,428.20","1,428.60","1,435.24","3,079.45","1,114.85","2,24,42,744","32,21,07,51,693.50","6,30,358"
18-Jul-25,Friday,July,Q3,2025,EQ,"1,484.80","1,484.80","1,469.10","1,476.40","1,476.00","1,476.00","1,475.20","3,211.70","1,114.85","1,02,96,318","15,18,91,04,342.00","2,22,241"
17-Jul-25,Thursday,July,Q3,2025,EQ,"1,487.40","1,489.60","1,473.90","1,485.60","1,478.70","1,476.40","1,479.78","3,211.70","1,114.85","1,18,54,613","17,54,22,05,685.80","1,89,733"
16-Jul-25,Wednesday,July,Q3,2025,EQ,"1,473.00","1,491.00","1,471.50","1,485.40","1,486.20","1,485.60","1,481.43","3,211.70","1,114.85","1,04,09,983","15,42,16,36,574.60","1,91,598"
15-Jul-25,Tuesday,July,Q3,2025,EQ,"1,486.20","1,496.50","1,482.40","1,483.70","1,488.50","1,485.40","1,487.92","3,211.70","1,114.85","81,32,454","12,10,04,48,372.90","1,73,756"
14-Jul-25,Monday,July,Q3,2025,EQ,"1,492.20","1,500.00","1,479.10","1,495.20","1,486.40","1,483.70","1,487.76","3,211.70","1,114.85","1,03,11,846","15,34,15,29,534.70","1,86,122"
11-Jul-25,Friday,July,Q3,2025,EQ,"1,512.00","1,515.00","1,490.30","1,517.20","1,495.00","1,495.20","1,496.06","3,217.60","1,114.85","72,34,991","10,82,39,82,872.20","1,78,490"
10-Jul-25,Thursday,July,Q3,2025,EQ,"1,519.70","1,524.70","1,507.50","1,519.00","1,515.20","1,517.20","1,516.20","3,217.60","1,114.85","1,00,47,129","15,23,34,58,376.40","2,89,035"
09-Jul-25,Wednesday,July,Q3,2025,EQ,"1,536.70","1,551.00","1,510.10","1,537.60","1,520.50","1,519.00","1,532.97","3,217.60","1,114.85","88,70,660","13,59,84,41,338.60","2,54,524"
08-Jul-25,Tuesday,July,Q3,2025,EQ,"1,536.00","1,544.90","1,530.20","1,541.50","1,538.00","1,537.60","1,536.23","3,217.60","1,114.85","71,71,261","11,01,66,84,351.60","1,91,265"
07-Jul-25,Monday,July,Q3,2025,EQ,"1,526.60","1,544.80","1,525.00","1,527.30","1,540.50","1,541.50","1,539.06","3,217.60","1,114.85","72,51,074","11,15,98,58,745.50","2,05,134"
04-Jul-25,Friday,July,Q3,2025,EQ,"1,524.00","1,530.00","1,517.20","1,517.80","1,528.10","1,527.30","1,523.57","3,217.60","1,114.85","66,03,501","10,06,09,08,691.00","1,67,255"
03-Jul-25,Thursday,July,Q3,2025,EQ,"1,520.80","1,531.90","1,513.00","1,518.80","1,515.00","1,517.80","1,520.57","3,217.60","1,114.85","1,12,83,291","17,15,69,79,936.80","2,58,008"
02-Jul-25,Wednesday,July,Q3,2025,EQ,"1,528.40","1,530.00","1,508.70","1,528.40","1,517.10","1,518.80","1,518.29","3,217.60","1,114.85","63,61,002","9,65,78,44,399.40","1,83,873"
01-Jul-25,Tuesday,July,Q3,2025,EQ,"1,500.60","1,531.40","1,500.10","1,500.60","1,526.80","1,528.40","1,522.95","3,217.60","1,114.85","1,03,68,523","15,79,07,50,945.40","2,32,573"
30-Jun-25,Monday,June,Q2,2025,EQ,"1,513.80","1,524.80","1,496.00","1,515.40","1,499.90","1,500.60","1,509.28","3,217.60","1,114.85","84,09,527","12,69,23,29,820.10","2,42,195"
27-Jun-25,Friday,June,Q2,2025,EQ,"1,499.40","1,522.00","1,496.90","1,495.30","1,514.00","1,515.40","1,511.99","3,217.60","1,114.85","1,11,17,052","16,80,89,08,375.40","2,69,877"
26-Jun-25,Thursday,June,Q2,2025,EQ,"1,469.10","1,498.80","1,465.10","1,467.30","1,495.30","1,495.30","1,488.16","3,217.60","1,114.85","1,46,57,893","21,81,33,25,246.10","2,47,215"
25-Jun-25,Wednesday,June,Q2,2025,EQ,"1,464.00","1,472.40","1,460.50","1,450.80","1,467.60","1,467.30","1,467.46","3,217.60","1,114.85","75,25,851","11,04,38,61,535.40","1,97,720"
24-Jun-25,Tuesday,June,Q2,2025,EQ,"1,465.00","1,475.00","1,443.10","1,456.80","1,456.80","1,450.80","1,456.68","3,217.60","1,114.85","1,64,02,744","23,89,35,22,923.20","2,84,313"
23-Jun-25,Monday,June,Q2,2025,EQ,"1,453.00","1,463.80","1,442.00","1,466.20","1,456.00","1,456.80","1,453.48","3,217.60","1,114.85","59,89,078","8,70,50,05,211.50","2,26,309"
20-Jun-25,Friday,June,Q2,2025,EQ,"1,431.00","1,471.00","1,428.10","1,433.30","1,464.10","1,466.20","1,462.68","3,217.60","1,114.85","2,90,10,635","42,43,33,00,495.60","2,76,278"
19-Jun-25,Thursday,June,Q2,2025,EQ,"1,430.10","1,439.90","1,425.70","1,430.10","1,428.00","1,433.30","1,433.80","3,217.60","1,114.85","1,00,07,230","14,34,83,70,217.60","1,79,473"
18-Jun-25,Wednesday,June,Q2,2025,EQ,"1,430.00","1,442.80","1,425.70","1,431.20","1,429.70","1,430.10","1,431.31","3,217.60","1,114.85","66,81,735","9,56,36,29,434.00","1,38,211"
17-Jun-25,Tuesday,June,Q2,2025,EQ,"1,448.00","1,448.00","1,425.80","1,437.80","1,430.00","1,431.20","1,432.15","3,217.60","1,114.85","1,03,66,599","14,84,65,17,402.40","1,91,173"
16-Jun-25,Monday,June,Q2,2025,EQ,"1,426.90","1,442.40","1,424.40","1,427.90","1,436.90","1,437.80","1,436.42","3,217.60","1,114.85","84,58,093","12,14,94,12,490.70","2,13,623"
13-Jun-25,Friday,June,Q2,2025,EQ,"1,424.00","1,435.50","1,414.30","1,441.60","1,427.50","1,427.90","1,423.95","3,217.60","1,114.85","97,57,276","13,89,39,05,321.30","2,02,256"
12-Jun-25,Thursday,June,Q2,2025,EQ,"1,453.50","1,457.00","1,434.40","1,448.90","1,439.50","1,441.60","1,444.32","3,217.60","1,114.85","88,28,114","12,75,06,12,321.30","1,90,194"
11-Jun-25,Wednesday,June,Q2,2025,EQ,"1,445.80","1,468.60","1,443.10","1,438.50","1,448.00","1,448.90","1,456.11","3,217.60","1,114.85","81,95,700","11,93,38,50,942.70","1,84,593"
10-Jun-25,Tuesday,June,Q2,2025,EQ,"1,450.00","1,453.90","1,436.00","1,448.80","1,437.30","1,438.50","1,442.59","3,217.60","1,114.85","79,13,181","11,41,54,76,580.50","1,67,203"
,,,,,,,,,,,,,,,,,
